slug,chars,gated,n_rule,asset,asset_hits,off,ext,rules
9-ema-strategy,16103,0,12,CRYPTO,9,3,1,"In this approach, a buy signal is generated when a security s price crosses above the 9-day EMA, while a sell signal occurs when the price moves below it. || In this strategy, a buy signal is generated when the price of a security moves above the 9 EMA, and a sell signal is generated when the price moves below the 9 EMA. || Here s an example: 9 EMA trading strategy buy and sell signals The chart above in Bitcoin shows the 9-day EMA in red and green arrows show when the close crosses above the EMA line, and the red arrows show when the close crosses below. || Buy and Sell Signals : It generates buy signals when the price of a given security is above the 9 EMA, and sell signals when the price is below. || A sell signal was generated when the price is below 9 EMA and RSI pulling from overbought is the confirmation to enter the trade. || Buy and sell signals are indicated on the chart below."
macd-trading-strategy,26010,6,6,CRYPTO,5,0,3,"Buy when the fast line crosses above the slow signal line The above criterion is taken from Alexander Elder s Trading For A Living . || The code in Amibroker is like this: Fast = EMA(C,12) EMA(C,26); Slow = EMA(Fast,9); Buy = Cross(Fast, Slow); buyPrice = Close; Sell = Cross(Slow, Fast); sellPrice = Close ; The strategy is certainly untradeable. || To make a strategy optimization we need to rewrite the code: Opt1 = Optimize( ShortEMA ,2,2,15,1); Opt2 = Optimize( LongEMA ,20,6,25,1); Opt3 = Optimize( Slow ,5,5,15,1); Fast = EMA(C,Opt1) EMA(C,Opt2); Slow = EMA(Fast,Opt3); Buy = Cross(Fast, Slow); buyPrice = Close; Sell = Cross(Slow, Fast); sellPrice = Close ; This gives 3080 optimization steps. || Traders can initiate a buy trade when the fast MACD line crosses above the slow signal line, indicating a potential bullish trend. || Conversely, a sell trade can be initiated when the slow signal line crosses above the fast MACD line, suggesting a possible bearish trend. || A common strategy is to buy when the fast line crosses above the slow line and sell when the slow line crosses above the fast line."
20-ema-trading-strategy,8296,0,2,CRYPTO,9,0,0,"Let s establish the trading rules: Trading Rules We buy the asset when the 20-day EMA is under the asset price We sell the asset when the 20-day EMA is over the asset price 20 EMA trading strategy backtest We backtested the strategy using the ETF version of the S P 500, SPY. || We make the following trading rules: we go long when the price breaks above 20 EMA, and we sell when the opposite happens."
end-of-month-effect-in-bitcoin,8178,2,2,CRYPTO,34,1,0,"To make a turn of the month trading strategy we start by doing optimization of both the entry and the exit: we enter at the close x days prior to the new month, and we exit n days after we enter a new month. || For example, row 1 enters at the close on the tenth last trading day of the month and exits at the ninth trading day of the new month."
simple-moving-average-trading-strategy,26107,2,10,EU,3,1,0,"By analyzing the movements of the SMA, traders can spot potential buy or sell signals when prices cross above or below the SMA. || A Simple Moving Average (SMA) Trading Strategy involves using the SMA indicator to identify potential buy or sell signals based on the price of an asset relative to its average price over a specific period. || As you can see, the close crosses up and down frequently by using a 15-day moving average. || A moving average crossover occurs when a short-term simple moving average crosses over a long-term simple moving average, signaling potential market trend changes. || This we can see in table one where it s clearly much more profitable to buy when the close crosses below a short-term moving average than compared when it crosses above. || However, as the moving average gets longer, it turns upside down: then it s getting more and more profitable to buy when the close crosses above the simple moving average."
52-week-high-strategy,18930,6,7,EU,3,2,1,"The “52-week high strategy” is an approach that goes against the classic “buy low, sell high” mantra: instead, it aims to buy stocks that are near their 52-week highs on the premise that such stocks may outperform those further away from their highs. || The same also applies when the price breaches the 52-week low intraday but fails to close at a new 52-week low. || In these cases, the failure to close above/below the 52-week high/low after breaching the levels intraday has a very significant implication, especially for short-term traders. || They may buy a stock when the price exceeds its 52-week high, or sell when the price falls below its 52-week low. || The same applies when the stock trades lower than the 52-week low during a trading session but fails to close below it to create a new 52-week low. || We summarize the results in this table: Exit after 5 days Exit after 10 days Exit after 50 days Exit after 100 days Buy new 52-week highs -0."
lump-sum-investment-strategy,15374,2,2,EU,3,6,1,"(We have plenty more) Dollar Cost Averaging Strategy A 64-year backtest of a Lump Sum Investment Strategy, demonstrating how a simple buy-and-hold approach on the S P 500 can transform a $100,000 investment into over $56 million. || This causes the investor to buy more shares when prices are lower and less when prices are higher."
trading-the-futures-expiration-week-in-dax-40,9223,2,2,EU,45,3,0,"We invest at the close of the Friday when the futures contracts expire, and we hold for one week and sell at the close the next Friday. || We backtested by going long from the close of the week before and selling at the close of the options expiration week."
london-breakout-strategy,15305,0,7,FX,32,0,0,"For instance, entering a long position on a breakout above the high of the Asian session range and exiting at various times between 12:00 and 17:00 London time often resulted in losses. || Similarly, taking short positions on breakouts below the low did not yield consistently profitable outcomes. || The open-close range The method ignores the candle wicks and focuses on the highest and lowest opening/closing prices of the Asian trading session to define the range (the body of the candlestick). || Retail traders tend to put their buy and sell stop orders above and below the Asia trading range in anticipation of a breakout. || We use a time exit (no stops or profit targets) at 1200, 1300, 1400, 1500, 1600, and 1700 London time. || Let s look at the results for the different time stops when we enter long on a breakout above the high: A detailed look at the London Breakout Strategy: Rules and Backtest Performance metrics, highlighting the statistical reality of session-based breakout trading."
cta-trading-strategy,17941,0,3,FX,4,6,3,"Traders enter positions when a trend is established and exit upon its reversal, often utilizing technical indicators like moving averages to determine entry and exit points. || So, if they have an asset universe of 20 assets that are ranked according to their performance over the last 3 months, they may go long on the top 5 and go short on the bottom 5. || We start by using the 200-day moving average trading strategy : we are long S P 500 when the close is above the 200-day moving average, and we are out of the market when it s below."
bollinger-bands-trading-strategy,50566,0,8,GOLD,7,2,1,"We backtested a Bollinger Breakout strategy for the S P 500 from 1960 until today and got the following equity curve: We use a long lookback period and buy when the close ends above the upper band and sell when it crosses below the lower band. || During an uptrend, traders may consider opening long positions when the price rebounds from the upper band. || They might then choose to exit these positions should the price fall below the middle band. || In a downtrend, the strategy involves entering short positions when the price rebounds from the lower band. || One strategy is to buy when the price drops below the lower Bollinger Band and to sell when it exceeds the upper Bollinger Band. || Let s test to go long the gold price (GLD) if the close is above one standard deviation from the 10-day moving average."
macd-histogram,8135,2,5,GOLD,4,6,3,"The exit is on the first day when the close is higher than before. || Here is an example (the exit was on the close the day after because the ETF rose in price): For short it is vice versa. || Avoid Weak Signals: Do not enter trades when the histogram is flat or hugging the zero line, as this indicates low momentum. || This strategy s entry point is the close, and the exit point is on the first day when the close is higher than the previous day s close. || It triggers a buy signal when the histogram crosses above the zero line and a sell signal when it crosses below the zero line."
123-pattern-reversal-strategy,15558,0,3,GOLD,9,4,0,"Some people use buy stop orders placed above point 2. || For example, an exit after 20 days has a profit factor of 2. || Below is the equity curve when we exit after 20 days: Can the strategy be improved?"
5-day-low-overnight-trading-strategy,5912,2,3,GOLD,5,7,0,"This strategy involves entering trades at the close and exiting when the market opens the next day. || The 5-day low overnight trading strategy involves trading the S P 500 when it opens at a 5-day low, but the close is higher than the open. || Traders enter the trade at the close and exit at the open the next day."
gold-overnight-trading-strategy,13874,0,3,GOLD,71,0,3,"The strategy involves buying gold futures contracts or the gold miners ETF at the close of the market and selling them the next day at the open. || The strategy involves buying gold futures contracts (or GLD) or the gold miners ETF (GDX or GDXJ) at the close of the market and selling them the next day at the open. || Traders buy assets at the close of the market and sell them the next day at the open, seeking to capture overnight price movements."
gold-moving-average-strategy,9432,0,2,GOLD,58,0,1,This strategy involves taking a long position when the gold price is above the 12-month moving average and moving to cash when it falls below. || 100 000 invested in 1971 grew to 10 million by using the 12-month moving average system while buy and hold ended at only 4 million.
inside-day-trading-strategy,11426,2,2,GOLD,3,5,0,"If one and two are true, then enter at the close. || Exit at the close when today s close is higher than yesterday s high."
overnight-trading,11917,0,2,GOLD,13,1,0,Orders for overnight trading are placed at or just before the close and sold at or near the open the next day. || You sell at the open the next day or put in a limit or market order at or very near the opening bell.
holiday-effect-trading-strategy,22723,2,18,US,9,3,2,"We test the holiday effect in February this way: We go long at the close on the first calendar day of the month that is higher than 11. || We exit at the calendar day 21 or more. || Let s test the following hypothesis: We go long at the close the Wednesday prior to Memorial Day. || We exit at the close on the first trading day of June. || Let s test the following hypothesis: We buy the S P 500 at the close of the second last trading day of June. || For example, we buy at the close on the 29th of June so we are long on the open of the last trading day of June."
turnaround-tuesday,18121,0,15,US,12,2,0,", close lower than Friday’s close) and selling Tuesday shows historically positive returns, suggesting a tradable edge when weakness is present. || For example, if the market is down on a Monday compared to Friday s close, you are likely to get above-average returns in the next few days. || The close must be at least 1% lower than Friday’s close. || If one and two are true, then enter at the close. || If 1-3 are true, then enter at the close. || ): As you can see, buying at the close on a Monday is twice as good as buying on the Tuesday close, not to mention the other days, which are even less profitable."
the-option-expiration-week-effect,35571,0,13,US,17,6,3,"If the price is higher, the option is in-the-money (ITM), has intrinsic value, and the owner will exercise the option to buy the underlying security at 120. || For example, if you have issued puts with a strike at 50, you are obligated to buy those shares if the share price is lower at expiration. || For example, if we enter on Monday at the open or the prior Friday at the close, give a different ranking of the best month. || If we enter at the close of the last trading day before the options expiration week, usually a Friday, the average gain increases to 0. || Although improving it is very difficult, we have considered adding a simple moving average filter: On the day before the expiration date, we check whether the SPY close is above its 50-day moving average. || If it is, we buy at the closing price and sell at the closing price the following day."
death-cross-in-trading,12627,0,12,US,3,0,2,"A Death Cross occurs when a short-term moving average crosses below a long-term moving average, typically the 50-day and 200-day moving averages . || If you use a Death Cross strategy to exit and a Golden Cross to re-enter, your total returns usually mirror long-term market averages. || When the short-term moving average descends below and crosses the long-term moving average, we have a Death Cross in trading . || In the backtests below we exit the trade N-days after the signal: between 10 and 200 days with intervals of 10 days 20 tests in total. || The results indicate that the Death Cross signals lower returns than a random period in the short term (less than 30 days), but for periods longer than 30 days the return is on average positive and more or less in line with the random long-term returns. || What happens if we enter a position on a Death Cross and sell at a Golden Cross (the opposite, see more below)?"
ohl-trading-strategy,15185,2,11,US,4,7,2,"A buy signal is generated when the open price is the same as the low price for the day, while a sell signal is generated when the open price is the same as the high price for the day. || The other part of the OHLC price bar is the close, which is the price at which the price closes for the day. || To put it simply, a buy signal is generated when the open price is the same as the low price for the day, while a sell signal is generated when the open price is the same as the high price for the day. || Likewise, you go short only if the OHL sell signal occurs below the CPR levels. || Typically, a buy or a sell signal is generated within that first five minutes — if open = low, the day might be bullish, so you look to go long, but if open = high, the day might have a bearish sentiment, so you look to go short. || Thus, the green arrow signals a buy at the next bar open, and the red arrow signals when we exit."
when-to-sell-a-stock-or-position,11877,2,11,US,4,3,2,"The best trading rule for when to sell a stock or position is the QS exit: when today s Close is higher than yesterday s High. || We have named it the QS exit (after Quantified Strategies) because we were the first to use this simple but effective sell signal. || Let s look into more detail about the sell rule and why it s so effective: Back in 2002, we first started using our best exit for stocks and stock indexes: When today s close is higher than yesterday s high. || If you were long when the first white body candlestick appeared, you would be selling in the last few seconds before the close (because the close is higher than the highest print of yesterday). || As you can see, the red arrows are when the close is higher than the High of yesterday. || The close is substantially higher than yesterday s high, and we sell at the close for a quick profit."
how-to-make-money-overnight-trading,16634,0,9,US,10,0,0,"You do overnight trading by buying the close and either selling at the next day s open or close. || We have previously covered how you can buy at the close and sell at the next day s open in the S P 500. || We exit (or sell) on the open because the average gain from the open to the close has been zero during the last 30 years. || Is it possible to find trading edges that have a better edge by selling at the close (and not on the open) in S P 500? || In the examples below we enter at the close, and we sell at the close the day after, thus holding for 24 hours (or over the weekend if it s a Friday). || The lesson is this: Even if you, in the long term, manage an arithmetic average that is lower than the market s average, you can still outperform the market."
keltner-bands-trading-strategies,35601,2,9,US,4,0,1,"Trading Strategies: Mean Reversion: Traders may look to buy when the price closes below the lower band and sell when it moves above the central line, anticipating a return to the mean. || Momentum: Alternatively, entering long positions when the price breaks above the upper band can capitalize on strong upward trends. || You can use it as a mean reversion by buying when the price breaks below the bottom band, or you can do the opposite and go long when the price breaks above the upper band. || Trading Rules We make the following trading rules: The close is above the upper band. || Sell when the close is below the “typical price”. || What are the typical entry and exit points when using Keltner Channel for trading?"
larry-connors-3-day-high-low-method,10158,2,9,US,6,8,2,"Short-Term Weakness : The ETF s closing price must be below its 5-day moving average, suggesting a short-term pullback. || Entry Point : If all the above conditions are met, enter a long position at the close of the third day. || Exit Strategy : Exit the position when the ETF s closing price rises above its 5-day moving average. || In plain English, the strategy is like this: Today s close must be higher than the 200-day moving average. || Today s close must be lower than the 5-day moving average. || If conditions 1-5 are true, then buy today at the close."
4-overnight-trading-strategies,8127,0,8,US,5,0,3,"The strategies buy at the close and sell the next day s open. || We go long at the close and exit at the open the next day. || 24 The criteria about the close must be above the 200-day moving average is important. || If holding to the close instead of selling at the open, the total P/L increases to 80% but the equity curve is a lot more erratic. || 1%, simply hold until the close (but exit at the open if opens higher than -0. || 33 Here is the profit curve of the last twist to the strategy: In the last years, it has paid off to hold this position until the next day s close even on days when SPY opens up."
larry-connors-b-strategy-bollinger-band,7780,2,8,US,16,8,0,"” It involves buying when the close is above the 200-day moving average, and %b is below 0. || The exit signal occurs when %b closes above 0. || It involves buying when the close is above the 200-day moving average, and %b is below 0. || The exit signal occurs when %b closes above 0. || Traders aim to buy at low %b readings and sell at higher %b readings, making it a mean-reverting strategy. || The trading rules involve checking if the close is above the 200-day moving average and %b is below 0."
rsi-trading-strategy,32121,3,8,US,9,0,0,"RSI trading strategy backtest The first example is a 2-day RSI strategy where we buy when it crosses below 15 and sell when it exceeds 85. || A longer-term RSI means there are fewer extreme variations in RSI, and thus, we lower our threshold limits: we buy below 30 and sell above 70. || Thus, a typical buy signal occurs when the reading shows values of 15 or less. || For example, let s backtest short-term and long-term RSI strategies on the S P 500. || Combining long-term and short-term RSI can take this form: The long-term 30-day RSI must be above 50, and the two-day RSI must be below 15. || If both conditions are met, then enter at the close."
opening-range-breakout-strategy,19224,0,7,US,5,1,0,"This means you record the high and low during the first five minutes, and you might go long if the price breaks above the opening range high. || The entry point is typically confirmed when a candle close occurs above the opening range high, which helps reduce false breakouts. || Traders often wait for a candle close above the opening range high to validate the breakout before entering a trade: Opening Range Breakout (ORB) example When does the market set high and low? || It can enter at any time after 0900 until close at 1500. || It can enter at any time after 1000 until close at 1500. || Let’s flip the strategy and buy when the price breaks below the lowest price within time interval x (and sell at close): Opening range breakout strategy success rate Again, we sell at the close."
50-ema-strategy,17990,4,6,US,8,4,0,"They enter long positions when the price is above the 50 EMA and short positions when it s below. || png showing real-world buy and sell signals generated when the price crosses the 50-day exponential moving average. || However, many traders enter a long position when the current market price is above the 50-day EMA, indicating an uptrend, and exit when the market price falls below the 50-day EMA, indicating a downtrend. || Similarly, a short position is entered when the market price is below the 50-day EMA and exited when the price rises above the 50-day EMA. || Trading Rules First, let s backtest a moving average crossover system with the following trading rules: When the close crosses above the 50-day EMA of the close, we go long. || When the close crosses below the 50-day EMA of the close, we sell."
williams-r-trading-strategy,23563,2,5,US,11,1,2,"Williams R Trading Strategy (In table 2 in the pic above, there is a mistake: you buy when -80 and sell when -20 is correct. || We backtest some strategies We backtest the Williams %R trading strategy on the S P 500 (SPY), and we make the following trading rules: Entry is at the close when the Williams %R is below -90 and exit, when we sell, is when today’s close is higher than yesterday’s high or when the Williams %R closes above -30. || 3): BUY NOW When you have paid, please press the link below to access the code (a text file): Download the Williams %R strategy no. || For example, a common approach is to buy when the Williams %R drops below -80, signaling oversold readings and a potential rebound, and to sell when it rises above -20, indicating overbought conditions and possible price exhaustion. || In this context, traders might enter long positions when the indicator climbs above -50, suggesting growing buying pressure, and exit or consider short trades when it falls below -50."
larry-connors-double-seven-strategy-does-it-still-work,9413,2,4,US,11,8,0,"The S P 500 (the ETF SPY) takes a hit, and the system goes long on the close. || It involves buying on dips and selling on strengths, utilizing simple rules based on the close being above the 200-day moving average and at a seven-day low. || The strategy has a few parameters and trading rules, including the close being above the 200-day moving average, the close being at a seven-day low for entry, and selling when the close is at a seven-day high. || The strategy is implemented by buying on dips (when the close is at a seven-day low) and selling on strengths (when the close is at a seven-day high)."
rubber-band-trading-strategy,11053,2,4,US,3,2,0,"To trade this strategy, you must have the contrarian mentality — as Warren Buffet said, you must look to buy when the market looks battered and depressed and look to sell when the euphoria is very high and everyone is very positive about the market. || So, when trading with the Keltner Channel, the buy setup occurs when the price is trading below the lower band of the channel. || Similarly, a sell setup occurs when the price is trading above the upper band. || See the chart below: A real-world example of the Rubber Band Trading Strategy: Backtest and Trading Rules applied to the S P 500, showing buy signals below the lower Keltner Channel and sell signals above the upper band."
3-days-down-overnight-trading-strategy,8013,2,3,US,5,0,0,"If the index closes lower for three consecutive days, a trade is entered at the close of the third day and exited at the following day s open. || Let s change the rules and exit on the close instead of the open: Review the historical portfolio equity results shown in 3-day down overnight trading rules here. || If this pattern occurs, a trade is entered at the close of the third day and exited at the following day s open."
donchian-channel,13685,2,3,US,4,4,3,"Donchian Trend with time exit that uses the same entry criteria as above, but exits after 80 days. || Let s test the following hypothesis: When the close penetrates below the lower band or channel, we go long. || We exit when today s close is higher than yesterday s high."
e-mini-trading-strategy,18133,3,3,US,76,1,0,"So, if you want to buy/sell 1 S P e-mini futures contract, you must have at least $10,000. || Why you need a deposit to trade futures Here’s why you need a margin requirement: let’s say you are long 1 contract at 4000, and you lost your bet, as it settles at 3970 at the end of the trading day. || We define the daily trading session from 0930 to 1600 ET and we enter and exit at the close."
fabian-timing-model-strategy,8348,2,3,US,8,4,0,"In the long term, if you have chosen a strategy carefully and followed the trading rules, you should be rewarded accordingly. || Curve Fitting Trading Fabian Market Timing Model trading rules The buy and sell rules for the Fabian market timing model are simple, and they are executed at the end of each week: Buy the SPY if all three indices are greater than their respective 39-week moving averages. || Sell SPY if two or more of the indices are trading under their respective 39-week moving average (The buy and sell rules for the Fabian timing model are simple and executed at the end of each week."
follow-through-day,16382,2,3,US,8,1,0,"Whichever way the market closes on those two days, the rally attempt is still valid, long as the index doesn t go below its recent low. || But if there is an additional follow-through day where the close is above the low of the previous follow-through day, you may consider keeping your position. || So, you may buy SPY or IVV if you used the S P 500 Index, but if you used the Nasdaq 100 Index, you can buy QQQ."
how-to-make-money-in-a-bear-market,19196,1,3,US,11,3,1,"When the close is above the average, we have a bull market, and when it is below, we have a bear market. || If you re a long-term buyer and have many years left until retirement/withdrawal, you should be happy for a bear market where you can buy at lower prices. || Let s explain why we believe the strategy has potential to outperform in the long run: Let s look at 2008: our strategy is up 14% while Nasdaq is down 40."
ichimoku-strategy,21011,0,3,US,4,1,0,"Trend and swing traders who use the indicator will consider a long position when the price is above the cloud and a sell trade when the price is below the cloud. || That is, after a crossover signal, your algo takes a long position only if the price has crossed above the cloud. || On the flip side, it takes a short position, only if the price has crossed below the cloud."
rate-of-change-trading-strategy,30571,6,3,US,4,0,0,Crossovers of the zero line are interpreted as buy (upward cross) or sell (downward cross) signals. || A typical rule is: Buy when ROC crosses from negative to positive : indicating accelerating prices. || Sell or short when ROC crosses from positive to negative : indicating weakening prices.
buy-and-hold-strategy,23812,0,2,US,14,8,3,"You can buy passive funds that charge very low fees, even below 0. || Let s start by looking at buy and hold: Let s assume you bought SPY at its inception back in 1993."
double-down-trading-strategy,14220,2,2,US,4,3,1,Let s do a double down strategy and enter on the following trading rules: We go long at the close when the 2-day RSI indicator crosses below 10. || We sell at the close when the 2-day RSI indicator goes up above 90.
dow-theory-strategy,14164,2,2,US,20,3,1,"However, a typical Dow theory buy signal would follow the below sequence: After the low point of a downtrend in a bear market is established, a secondary uptrend bounce will occur. || A bear market sell signal is triggered when the rally penetrates the recent lows on the next fall, as measured by both the Industrial and Transportation averages."
get-rich-portfolio,12011,2,2,US,9,3,0,"You need to be patient and realize that a drawdown is a short-term phenomenon (though it can last many years, even decades, just look at 2000-2010); You can use drawdowns to your advantage. || When stock markets are down, you can buy more stocks at a much lower price."
leveraged-etf-trading-strategy,20761,2,2,US,5,0,1,"A traditional ETF that is tracking the S P 500 Index would offer close to 1% profit when the index makes a 1% gain, but a leveraged ETF would offer 2% or 3%, depending on the designed leverage factor. || Leveraged ETF strategy less robust strategy Let s now look at a less robust trading strategy with the following trading rules: We buy when the 2-day RSI drops below 10, and; We sell when the 2-day RSI ends higher than 80."
outside-day-trading-strategy,10847,0,2,US,4,0,0,"The chart below shows SPY s (S P 500) performance from the open to the close after an outside day: Outside day trading strategy portfolio The average gain is zero and thus below any random day, which is about 0. || Let s flip the rules and only day trade after an outside day AND yesterday s close was lower than the close before that: Outside day trading strategy backtest."
relative-strength-index-and-moving-average-trading-strategy,11586,2,2,US,11,0,0,"The strategy s rules are to buy when the 14-day RSI is below 30, and the closing price is higher than the 5-day SMA. || Conversely, sell when the 14-day RSI is above 70, and the closing price is lower than the 5-day SMA."
rsi-mean-reversion-trading-strategy,8025,2,2,US,31,0,1,"What happens if we change the buy criteria to 5, ie, that the two-day RSI must be lower than 5? || The rules include entering a position when RSI(2) is below 10 and exiting when today s close is higher than yesterday s high."
rsi-trading-strategy-cfd,18705,2,2,US,4,2,3,"In this context, a common buy signal occurs when the RSI reading drops to 15 or less, signifying an oversold condition and a potential buying opportunity. || By buying when the two-day RSI crosses below 10 and selling when the close is higher than yesterday s high, this strategy offers better risk management and smoother equity curves."
scale-in-trading-strategy,20277,2,2,US,7,4,1,"If you buy a huge volume at once, you would move the market by a lot and end up paying a higher price per share. || In summary, retail investors use the scale-in strategy to buy at different intervals as the price drops so as to lower the average price of purchase."
spy-sets-low-or-high-in-the-last-hour-a-daytrading-strategy,4554,0,2,US,6,0,0,Entry is at the open next day and exit is at 1130 the same day (only day trades). || The equity curve for all trades going long if low is in the last hour and going short if high is in the last hour looks like this: highlow last hour FAQ: What is the key takeaway from the analysis regarding buying on weakness and selling on strength?
stochastic-indicator-strategy,39662,2,2,US,5,1,2,"Signal Line Crossovers: Buy Signal: When the %K line crosses above the %D line, indicating upward momentum. || Sell Signal: When the %K line crosses below the %D line, suggesting downward momentum."
